{
  "t-bio": {
    "nomeCorto": "t-bio",
    "nomeCompleto": "T. Ing. Biomedica",
    "formula": "(110/27.17)*(M*CFU+T*3)/(CFU+3)",
    "codiceFormula": "(110 / 27.17) * ($M * $CFU + $V * 3) / ($CFU + 3)",
    "cfu": 177,
    "minT": 18,
    "maxT": 30,
    "stepT": 1,
    "minC": 0,
    "maxC": 0,
    "stepC": 0,
    "lode": 33,
    "note": "Note personalizzate per T. Ing. Biomedica",
    "oggettoMail": "Oggetto personalizzato per T. Ing. Biomedica",
    "corpoMail": "Corpo personalizzato per T. Ing. Biomedica"
  },
  "t-ele": {
    "nomeCorto": "t-ele",
    "nomeCompleto": "T. Ing. Elettronica",
    "formula": "2+4*(M*CFU+T*3)/(CFU+3)",
    "codiceFormula": "2 + 4 * ($M * $CFU + $V * 3) / ($CFU + 3)",
    "cfu": 177,
    "minT": 18,
    "maxT": 33,
    "stepT": 1,
    "minC": 0,
    "maxC": 0,
    "stepC": 0,
    "lode": 33,
    "note": "Note personalizzate per T. Ing. Elettronica",
    "oggettoMail": "Oggetto personalizzato per T. Ing. Elettronica",
    "corpoMail": "Corpo personalizzato per T. Ing. Elettronica"
  },
  "t-inf": {
    "nomeCorto": "t-inf",
    "nomeCompleto": "T. Ing. Informatica",
    "formula": "M*3+18+T+C",
    "codiceFormula": "$M * 3 + 18 + $V",
    "cfu": 177,
    "minT": 0,
    "maxT": 0,
    "stepT": 0,
    "minC": 1,
    "maxC": 7,
    "stepC": 1,
    "lode": 33,
    "note": "Note personalizzate per T. Ing. Informatica",
    "oggettoMail": "Oggetto personalizzato per T. Ing. Informatica",
    "corpoMail": "Corpo personalizzato per T. Ing. Informatica"
  },
  "t-tlc": {
    "nomeCorto": "t-tlc",
    "nomeCompleto": "T. Ing. delle Telecomunicazioni",
    "formula": "M*11/3+C",
    "codiceFormula": "$M * 11 / 3 + $V",
    "cfu": 177,
    "minT": 0,
    "maxT": 0,
    "stepT": 0,
    "minC": 1,
    "maxC": 11,
    "stepC": 1,
    "lode": 33,
    "note": "Note personalizzate per T. Ing. delle Telecomunicazioni",
    "oggettoMail": "Oggetto personalizzato per T. Ing. delle Telecomunicazioni",
    "corpoMail": "Corpo personalizzato per T. Ing. delle Telecomunicazioni"
  },
  "m-bio": {
    "nomeCorto": "m-bio",
    "nomeCompleto": "M. Ing. Biomedica, Bionics Engineering",
    "formula": "M*3.5+11+C",
    "codiceFormula": "$M * 3.5 + 11 + $V",
    "cfu": 105,
    "minT": 0,
    "maxT": 0,
    "stepT": 0,
    "minC": 0.5,
    "maxC": 4.0,
    "stepC": 0.5,
    "lode": 33,
    "note": "Note personalizzate per M. Ing. Biomedica, Bionics Engineering",
    "oggettoMail": "Oggetto personalizzato per M. Ing. Biomedica, Bionics Engineering",
    "corpoMail": "Corpo personalizzato per M. Ing. Biomedica, Bionics Engineering"
  },
  "m-ele": {
    "nomeCorto": "m-ele",
    "nomeCompleto": "M. Ing. Elettronica",
    "formula": "4*(M*CFU+T*18)/(CFU+18)",
    "codiceFormula": "4 * ($M * $CFU + $V * 18) / ($CFU + 18)",
    "cfu": 102,
    "minT": 18,
    "maxT": 30,
    "stepT": 1,
    "minC": 0,
    "maxC": 0,
    "stepC": 0,
    "lode": 33,
    "note": "Note personalizzate per M. Ing. Elettronica",
    "oggettoMail": "Oggetto personalizzato per M. Ing. Elettronica",
    "corpoMail": "Corpo personalizzato per M. Ing. Elettronica"
  },
  "m-ce": {
    "nomeCorto": "m-ce",
    "nomeCompleto": "M. Computer Engineering, Artificial Intelligence and Data Engineering",
    "formula": "M*3+22+T+C",
    "codiceFormula": "$M * 3 + 22 + $V",
    "cfu": 96,
    "minT": 0,
    "maxT": 0,
    "stepT": 0,
    "minC": 1,
    "maxC": 3,
    "stepC": 1,
    "lode": 33,
    "note": "Note personalizzate per M. Computer Engineering, Artificial Intelligence and Data Engineering",
    "oggettoMail": "Oggetto personalizzato per M. Computer Engineering, Artificial Intelligence and Data Engineering",
    "corpoMail": "Corpo personalizzato per M. Computer Engineering, Artificial Intelligence and Data Engineering"
  },
  "m-rob": {
    "nomeCorto": "m-rob",
    "nomeCompleto": "M. Ing. Robotica e della Automazione",
    "formula": "M*3+18.5+T",
    "codiceFormula": "$M * 3 + 18.5 + $V",
    "cfu": 102,
    "minT": 1,
    "maxT": 10,
    "stepT": 1,
    "minC": 0,
    "maxC": 0,
    "stepC": 0,
    "lode": 33,
    "note": "Note personalizzate per M. Ing. Robotica e della Automazione",
    "oggettoMail": "Oggetto personalizzato per M. Ing. Robotica e della Automazione",
    "corpoMail": "Corpo personalizzato per M. Ing. Robotica e della Automazione"
  },
  "m-tlc": {
    "nomeCorto": "m-tlc",
    "nomeCompleto": "M. Ing. delle Telecomunicazioni",
    "formula": "M*11/3+C",
    "codiceFormula": "$M * 11 / 3 + $V",
    "cfu": 96,
    "minT": 0,
    "maxT": 0,
    "stepT": 0,
    "minC": 1,
    "maxC": 11,
    "stepC": 1,
    "lode": 33,
    "note": "Note personalizzate per M. Ing. delle Telecomunicazioni",
    "oggettoMail": "Oggetto personalizzato per M. Ing. delle Telecomunicazioni",
    "corpoMail": "Corpo personalizzato per M. Ing. delle Telecomunicazioni"
  },
  "m-cyb": {
    "nomeCorto": "m-cyb",
    "nomeCompleto": "M. Cybersecurity",
    "formula": "M*110/30+C",
    "codiceFormula": "$M * 110 / 30 + $V",
    "cfu": 102,
    "minT": 0,
    "maxT": 0,
    "stepT": 0,
    "minC": 1,
    "maxC": 7,
    "stepC": 1,
    "lode": 32,
    "note": "Note personalizzate per M. Cybersecurity",
    "oggettoMail": "Oggetto personalizzato per M. Cybersecurity",
    "corpoMail": "Corpo personalizzato per M. Cybersecurity"
  }
}